<?xml version="1.0" encoding="UTF-8"?>
<project-private xmlns="http://www.netbeans.org/ns/project-private/1">
    <editor-bookmarks xmlns="http://www.netbeans.org/ns/editor-bookmarks/2" lastBookmarkId="0"/>
    <open-files xmlns="http://www.netbeans.org/ns/projectui-open-files/2">
        <group>
            <file>file:/C:/Users/bonot/OneDrive/Documentos/NetBeansProjects/FEIFood/src/view/Login.java</file>
            <file>file:/C:/Users/bonot/OneDrive/Documentos/NetBeansProjects/FEIFood/src/view/Cadastro.java</file>
            <file>file:/C:/Users/bonot/OneDrive/Documentos/NetBeansProjects/FEIFood/src/feifood/FEIFood.java</file>
            <file>file:/C:/Users/bonot/OneDrive/Documentos/NetBeansProjects/FEIFood/src/controller/ControleLogin.java</file>
            <file>file:/C:/Users/bonot/OneDrive/Documentos/NetBeansProjects/FEIFood/src/controller/ControleCadastro.java</file>
            <file>file:/C:/Users/bonot/OneDrive/Documentos/NetBeansProjects/FEIFood/src/dao/AlimentoDAO.java</file>
            <file>file:/C:/Users/bonot/OneDrive/Documentos/NetBeansProjects/FEIFood/src/dao/UsuarioDAO.java</file>
            <file>file:/C:/Users/bonot/OneDrive/Documentos/NetBeansProjects/FEIFood/src/model/Usuario.java</file>
            <file>file:/C:/Users/bonot/OneDrive/Documentos/NetBeansProjects/FEIFood/src/model/Alimento.java</file>
            <file>file:/C:/Users/bonot/OneDrive/Documentos/NetBeansProjects/FEIFood/src/model/Pedido.java</file>
            <file>file:/C:/Users/bonot/OneDrive/Documentos/NetBeansProjects/FEIFood/src/controller/ControleAlimento.java</file>
            <file>file:/C:/Users/bonot/OneDrive/Documentos/NetBeansProjects/FEIFood/src/dao/Conexao.java</file>
            <file>file:/C:/Users/bonot/OneDrive/Documentos/NetBeansProjects/FEIFood/src/model/PedidoAlimento.java</file>
            <file>file:/C:/Users/bonot/OneDrive/Documentos/NetBeansProjects/FEIFood/src/dao/PedidoDAO.java</file>
            <file>file:/C:/Users/bonot/OneDrive/Documentos/NetBeansProjects/FEIFood/src/dao/PedidoAlimentoDAO.java</file>
            <file>file:/C:/Users/bonot/OneDrive/Documentos/NetBeansProjects/FEIFood/src/view/Home.java</file>
            <file>file:/C:/Users/bonot/OneDrive/Documentos/NetBeansProjects/FEIFood/src/view/Pedidos.java</file>
            <file>file:/C:/Users/bonot/OneDrive/Documentos/NetBeansProjects/FEIFood/src/view/Sacola.java</file>
            <file>file:/C:/Users/bonot/OneDrive/Documentos/NetBeansProjects/FEIFood/src/controller/ControlePedido.java</file>
            <file>file:/C:/Users/bonot/OneDrive/Documentos/NetBeansProjects/FEIFood/src/controller/ControleHistorico.java</file>
            <file>file:/C:/Users/bonot/OneDrive/Documentos/NetBeansProjects/FEIFood/src/model/Imposto.java</file>
            <file>file:/C:/Users/bonot/OneDrive/Documentos/NetBeansProjects/FEIFood/src/model/Comida.java</file>
            <file>file:/C:/Users/bonot/OneDrive/Documentos/NetBeansProjects/FEIFood/src/model/Bebida.java</file>
        </group>
    </open-files>
</project-private>
